TOP,TOP_WEIGHT,RISING,RISING_PER,START_DATE,END_DATE
bitcoin price,100,hawk tuah coin,soared,2024-12-03 08:00:00+00:00,2024-12-10 08:00:00+00:00
bitcoin stock,15,paul down,"+1	600%",2024-12-03 08:00:00+00:00,2024-12-10 08:00:00+00:00
bitcoin usd,13,why is bitcoin going up,200%,2024-12-03 08:00:00+00:00,2024-12-10 08:00:00+00:00
bitcoin stock price,11,who started bitcoin,190%,2024-12-03 08:00:00+00:00,2024-12-10 08:00:00+00:00
bitcoin price usd,11,bitcoin price 2013,110%,2024-12-03 08:00:00+00:00,2024-12-10 08:00:00+00:00
xrp,10,satoshi nakamoto net worth,90%,2024-12-03 08:00:00+00:00,2024-12-10 08:00:00+00:00
bitcoin today,9,should i buy bitcoin now,80%,2024-12-03 08:00:00+00:00,2024-12-10 08:00:00+00:00
xrp price,9,will bitcoin crash,80%,2024-12-03 08:00:00+00:00,2024-12-10 08:00:00+00:00
what is bitcoin,8,how much was bitcoin when it first came out,80%,2024-12-03 08:00:00+00:00,2024-12-10 08:00:00+00:00
ethereum,7,bitcoin 100k,70%,2024-12-03 08:00:00+00:00,2024-12-10 08:00:00+00:00
bitcoin price today,7,when was bitcoin invented,60%,2024-12-03 08:00:00+00:00,2024-12-10 08:00:00+00:00
buy bitcoin,6,is bitcoin going to crash,60%,2024-12-03 08:00:00+00:00,2024-12-10 08:00:00+00:00
ethereum price,6,el salvador bitcoin,60%,2024-12-03 08:00:00+00:00,2024-12-10 08:00:00+00:00
crypto bitcoin,6,what is bitcoin and how does it work,60%,2024-12-03 08:00:00+00:00,2024-12-10 08:00:00+00:00
dogecoin,6,bitcoin rainbow chart,50%,2024-12-03 08:00:00+00:00,2024-12-10 08:00:00+00:00
crypto,6,how to invest in bitcoin,50%,2024-12-03 08:00:00+00:00,2024-12-10 08:00:00+00:00
dogecoin price,5,microsoft bitcoin,50%,2024-12-03 08:00:00+00:00,2024-12-10 08:00:00+00:00
price of bitcoin,5,who made bitcoin,50%,2024-12-03 08:00:00+00:00,2024-12-10 08:00:00+00:00
bitcoin worth,4,how do you buy bitcoin,50%,2024-12-03 08:00:00+00:00,2024-12-10 08:00:00+00:00
how much is bitcoin,4,bitcoin price 2009 to 2018,50%,2024-12-03 08:00:00+00:00,2024-12-10 08:00:00+00:00
bitcoin news,3,how does bitcoin work,50%,2024-12-03 08:00:00+00:00,2024-12-10 08:00:00+00:00
bitcoin cash,3,bitcoin price in 2013,50%,2024-12-03 08:00:00+00:00,2024-12-10 08:00:00+00:00
bitcoin etf,3,how many bitcoins are there,50%,2024-12-03 08:00:00+00:00,2024-12-10 08:00:00+00:00
coinbase,2,who owns bitcoin,40%,2024-12-03 08:00:00+00:00,2024-12-10 08:00:00+00:00
bitcoin mining,2,bitcoin price history chart,40%,2024-12-03 08:00:00+00:00,2024-12-10 08:00:00+00:00
price bitcoin,100,bitcoin treasure hunt,soared,2024-11-26 08:00:00+00:00,2024-12-02 08:00:00+00:00
bitcoin stock,14,bitcoin millionaire treasure hunt,"+3	400%",2024-11-26 08:00:00+00:00,2024-12-02 08:00:00+00:00
bitcoin usd,13,is xrp the next bitcoin,300%,2024-11-26 08:00:00+00:00,2024-12-02 08:00:00+00:00
bitcoin price usd,11,archer aviation stock,250%,2024-11-26 08:00:00+00:00,2024-12-02 08:00:00+00:00
bitcoin stock price,10,ripple xrp price,190%,2024-11-26 08:00:00+00:00,2024-12-02 08:00:00+00:00
xrp,9,xrp market cap,160%,2024-11-26 08:00:00+00:00,2024-12-02 08:00:00+00:00
bitcoin today,8,hbar price,130%,2024-11-26 08:00:00+00:00,2024-12-02 08:00:00+00:00
bitcoin price today,7,dell stock,130%,2024-11-26 08:00:00+00:00,2024-12-02 08:00:00+00:00
xrp price,7,crwd stock,110%,2024-11-26 08:00:00+00:00,2024-12-02 08:00:00+00:00
ethereum,7,ripple price,110%,2024-11-26 08:00:00+00:00,2024-12-02 08:00:00+00:00
dogecoin,6,xrp vs bitcoin,100%,2024-11-26 08:00:00+00:00,2024-12-02 08:00:00+00:00
what is bitcoin,6,xrp price prediction,90%,2024-11-26 08:00:00+00:00,2024-12-02 08:00:00+00:00
ethereum price,5,xlm crypto,90%,2024-11-26 08:00:00+00:00,2024-12-02 08:00:00+00:00
dogecoin price,5,xrp,90%,2024-11-26 08:00:00+00:00,2024-12-02 08:00:00+00:00
crypto bitcoin,5,xrp price,80%,2024-11-26 08:00:00+00:00,2024-12-02 08:00:00+00:00
crypto,5,rivian stock,80%,2024-11-26 08:00:00+00:00,2024-12-02 08:00:00+00:00
buy bitcoin,5,ripple,80%,2024-11-26 08:00:00+00:00,2024-12-02 08:00:00+00:00
price of bitcoin,4,joby stock,80%,2024-11-26 08:00:00+00:00,2024-12-02 08:00:00+00:00
how much is bitcoin,3,achr stock,60%,2024-11-26 08:00:00+00:00,2024-12-02 08:00:00+00:00
bitcoin news,3,xrp price usd,60%,2024-11-26 08:00:00+00:00,2024-12-02 08:00:00+00:00
bitcoin mining,2,sui price,60%,2024-11-26 08:00:00+00:00,2024-12-02 08:00:00+00:00
bitcoin chart,2,xrp news,50%,2024-11-26 08:00:00+00:00,2024-12-02 08:00:00+00:00
bitcoin cash,2,xlm price,50%,2024-11-26 08:00:00+00:00,2024-12-02 08:00:00+00:00
bitcoin etf,2,bitcoin atm,50%,2024-11-26 08:00:00+00:00,2024-12-02 08:00:00+00:00
mstr,2,bitcoin atm near me,50%,2024-11-26 08:00:00+00:00,2024-12-02 08:00:00+00:00
bitcoin price,100,did bitcoin hit 100k,850%,2024-11-19 08:00:00+00:00,2024-11-25 08:00:00+00:00
bitcoin stock,15,snow stock,650%,2024-11-19 08:00:00+00:00,2024-11-25 08:00:00+00:00
bitcoin usd,12,mstu stock,450%,2024-11-19 08:00:00+00:00,2024-11-25 08:00:00+00:00
bitcoin stock price,11,scott bessent bitcoin,400%,2024-11-19 08:00:00+00:00,2024-11-25 08:00:00+00:00
bitcoin price usd,11,snowflake stock,300%,2024-11-19 08:00:00+00:00,2024-11-25 08:00:00+00:00
bitcoin today,8,micro strategies stock,250%,2024-11-19 08:00:00+00:00,2024-11-25 08:00:00+00:00
dogecoin,6,target stock,200%,2024-11-19 08:00:00+00:00,2024-11-25 08:00:00+00:00
what is bitcoin,6,xlm price,170%,2024-11-19 08:00:00+00:00,2024-11-25 08:00:00+00:00
bitcoin price today,6,bitcoin 100k,140%,2024-11-19 08:00:00+00:00,2024-11-25 08:00:00+00:00
ethereum,6,microstrategy stock,130%,2024-11-19 08:00:00+00:00,2024-11-25 08:00:00+00:00
xrp,5,microstrategy bitcoin,130%,2024-11-19 08:00:00+00:00,2024-11-25 08:00:00+00:00
buy bitcoin,5,microstrategy stock price,120%,2024-11-19 08:00:00+00:00,2024-11-25 08:00:00+00:00
ethereum price,5,microstrategy,120%,2024-11-19 08:00:00+00:00,2024-11-25 08:00:00+00:00
dogecoin price,5,soun stock,110%,2024-11-19 08:00:00+00:00,2024-11-25 08:00:00+00:00
xrp price,4,mstr stock,110%,2024-11-19 08:00:00+00:00,2024-11-25 08:00:00+00:00
price of bitcoin,4,msty stock,110%,2024-11-19 08:00:00+00:00,2024-11-25 08:00:00+00:00
crypto,4,mstr,100%,2024-11-19 08:00:00+00:00,2024-11-25 08:00:00+00:00
bitcoin worth,3,mstr stock price,100%,2024-11-19 08:00:00+00:00,2024-11-25 08:00:00+00:00
bitcoin etf,3,microstrategy bitcoin holdings,80%,2024-11-19 08:00:00+00:00,2024-11-25 08:00:00+00:00
bitcoin news,3,mstx stock,60%,2024-11-19 08:00:00+00:00,2024-11-25 08:00:00+00:00
how much is bitcoin,3,what is bitcoin and how does it work,60%,2024-11-19 08:00:00+00:00,2024-11-25 08:00:00+00:00
mstr,2,michael saylor,60%,2024-11-19 08:00:00+00:00,2024-11-25 08:00:00+00:00
coinbase,2,fbtc stock,60%,2024-11-19 08:00:00+00:00,2024-11-25 08:00:00+00:00
bitcoin chart,2,super micro computer stock,50%,2024-11-19 08:00:00+00:00,2024-11-25 08:00:00+00:00
bitcoin prediction,2,grayscale bitcoin trust,50%,2024-11-19 08:00:00+00:00,2024-11-25 08:00:00+00:00
bitcoin price,100,odell beckham jr,soared,2024-11-12 08:00:00+00:00,2024-11-18 08:00:00+00:00
bitcoin stock,16,odell beckham jr bitcoin,soared,2024-11-12 08:00:00+00:00,2024-11-18 08:00:00+00:00
bitcoin usd,12,russell okung bitcoin,soared,2024-11-12 08:00:00+00:00,2024-11-18 08:00:00+00:00
bitcoin stock price,11,obj bitcoin contract,"+4	750%",2024-11-12 08:00:00+00:00,2024-11-18 08:00:00+00:00
bitcoin price usd,11,pepe coin,350%,2024-11-12 08:00:00+00:00,2024-11-18 08:00:00+00:00
dogecoin,9,cava stock,190%,2024-11-12 08:00:00+00:00,2024-11-18 08:00:00+00:00
bitcoin today,7,satoshi nakamoto,180%,2024-11-12 08:00:00+00:00,2024-11-18 08:00:00+00:00
dogecoin price,7,xrp price prediction,170%,2024-11-12 08:00:00+00:00,2024-11-18 08:00:00+00:00
ethereum,7,bitcoin address lookup,170%,2024-11-12 08:00:00+00:00,2024-11-18 08:00:00+00:00
bitcoin price today,6,pepe coin price,160%,2024-11-12 08:00:00+00:00,2024-11-18 08:00:00+00:00
what is bitcoin,6,how many bitcoins are there,140%,2024-11-12 08:00:00+00:00,2024-11-18 08:00:00+00:00
buy bitcoin,5,dogecoin value,140%,2024-11-12 08:00:00+00:00,2024-11-18 08:00:00+00:00
ethereum price,5,doge coin price,120%,2024-11-12 08:00:00+00:00,2024-11-18 08:00:00+00:00
price of bitcoin,4,doge price,120%,2024-11-12 08:00:00+00:00,2024-11-18 08:00:00+00:00
xrp,4,dogecoin price,110%,2024-11-12 08:00:00+00:00,2024-11-18 08:00:00+00:00
crypto,4,doge,100%,2024-11-12 08:00:00+00:00,2024-11-18 08:00:00+00:00
xrp price,3,netflix stock,100%,2024-11-12 08:00:00+00:00,2024-11-18 08:00:00+00:00
bitcoin worth,3,bitcoin price in 2010,100%,2024-11-12 08:00:00+00:00,2024-11-18 08:00:00+00:00
how much is bitcoin,3,dogecoin,100%,2024-11-12 08:00:00+00:00,2024-11-18 08:00:00+00:00
tesla stock,3,doge coin,100%,2024-11-12 08:00:00+00:00,2024-11-18 08:00:00+00:00
doge,3,xrp price,90%,2024-11-12 08:00:00+00:00,2024-11-18 08:00:00+00:00
bitcoin news,3,xrp,90%,2024-11-12 08:00:00+00:00,2024-11-18 08:00:00+00:00
bitcoin etf,2,bitcoin price 2012,80%,2024-11-12 08:00:00+00:00,2024-11-18 08:00:00+00:00
tesla stock price,2,disney stock,80%,2024-11-12 08:00:00+00:00,2024-11-18 08:00:00+00:00
coinbase,2,xrp price today,80%,2024-11-12 08:00:00+00:00,2024-11-18 08:00:00+00:00
bitcoin price,100,should i buy bitcoin now,soared,2024-11-05 08:00:00+00:00,2024-11-11 08:00:00+00:00
bitcoin stock,17,will bitcoin keep going up,soared,2024-11-05 08:00:00+00:00,2024-11-11 08:00:00+00:00
bitcoin usd,12,baba stock,400%,2024-11-05 08:00:00+00:00,2024-11-11 08:00:00+00:00
bitcoin stock price,12,how high will bitcoin go,300%,2024-11-05 08:00:00+00:00,2024-11-11 08:00:00+00:00
bitcoin usd price,11,dodge coin,250%,2024-11-05 08:00:00+00:00,2024-11-11 08:00:00+00:00
bitcoin today,8,doge coin,250%,2024-11-05 08:00:00+00:00,2024-11-11 08:00:00+00:00
ethereum,7,trump bitcoin,110%,2024-11-05 08:00:00+00:00,2024-11-11 08:00:00+00:00
bitcoin price today,6,dogecoin,80%,2024-11-05 08:00:00+00:00,2024-11-11 08:00:00+00:00
ethereum price,5,dogecoin price,80%,2024-11-05 08:00:00+00:00,2024-11-11 08:00:00+00:00
trump bitcoin,5,tesla stock,60%,2024-11-05 08:00:00+00:00,2024-11-11 08:00:00+00:00
dogecoin,4,tesla,60%,2024-11-05 08:00:00+00:00,2024-11-11 08:00:00+00:00
what is bitcoin,4,tesla stock price,50%,2024-11-05 08:00:00+00:00,2024-11-11 08:00:00+00:00
buy bitcoin,4,ethereum,40%,2024-11-05 08:00:00+00:00,2024-11-11 08:00:00+00:00
bitcoin price,100,bitcoin price all time high,soared,2024-10-29 08:00:00+00:00,2024-11-04 08:00:00+00:00
bitcoin stock,15,bitcoin all time high,"+1	000%",2024-10-29 08:00:00+00:00,2024-11-04 08:00:00+00:00
bitcoin usd,15,bitcoin ath,750%,2024-10-29 08:00:00+00:00,2024-11-04 08:00:00+00:00
bitcoin price usd,12,bito stock,500%,2024-10-29 08:00:00+00:00,2024-11-04 08:00:00+00:00
bitcoin stock price,11,why is bitcoin going up,350%,2024-10-29 08:00:00+00:00,2024-11-04 08:00:00+00:00
bitcoin today,8,doge price,250%,2024-10-29 08:00:00+00:00,2024-11-04 08:00:00+00:00
bitcoin price today,6,goog stock,250%,2024-10-29 08:00:00+00:00,2024-11-04 08:00:00+00:00
what is bitcoin,5,intel stock,160%,2024-10-29 08:00:00+00:00,2024-11-04 08:00:00+00:00
price of bitcoin,5,cmg stock,140%,2024-10-29 08:00:00+00:00,2024-11-04 08:00:00+00:00
ethereum,4,what is bitcoin all time high,140%,2024-10-29 08:00:00+00:00,2024-11-04 08:00:00+00:00
bitcoin news,4,fbtc,130%,2024-10-29 08:00:00+00:00,2024-11-04 08:00:00+00:00
ethereum price,4,bitcoin satoshi nakamoto,130%,2024-10-29 08:00:00+00:00,2024-11-04 08:00:00+00:00
buy bitcoin,4,satoshi nakamoto,120%,2024-10-29 08:00:00+00:00,2024-11-04 08:00:00+00:00
crypto,3,bitcoin whitepaper,120%,2024-10-29 08:00:00+00:00,2024-11-04 08:00:00+00:00
how much is bitcoin,3,google stock,110%,2024-10-29 08:00:00+00:00,2024-11-04 08:00:00+00:00
bitcoin worth,3,bitcoin highest price,110%,2024-10-29 08:00:00+00:00,2024-11-04 08:00:00+00:00
gold price,3,bitcoin price cad,100%,2024-10-29 08:00:00+00:00,2024-11-04 08:00:00+00:00
bitcoin cash,3,nasdaq composite,90%,2024-10-29 08:00:00+00:00,2024-11-04 08:00:00+00:00
dogecoin,2,doge,90%,2024-10-29 08:00:00+00:00,2024-11-04 08:00:00+00:00
trump bitcoin,2,amd stock,80%,2024-10-29 08:00:00+00:00,2024-11-04 08:00:00+00:00
bitcoin price,100,cuanto es 2 bitcoin,soared,2024-10-22 08:00:00+00:00,2024-11-28 08:00:00+00:00
bitcoin usd,15,cuánto es 2 bitcoin,soared,2024-10-22 08:00:00+00:00,2024-11-28 08:00:00+00:00
bitcoin stock,15,cuánto vale un bitcoin,soared,2024-10-22 08:00:00+00:00,2024-11-28 08:00:00+00:00
bitcoin usd price,13,valor del bitcoin en dólares,soared,2024-10-22 08:00:00+00:00,2024-11-28 08:00:00+00:00
bitcoin stock price,12,oklo stock,soared,2024-10-22 08:00:00+00:00,2024-11-28 08:00:00+00:00
bitcoin today,9,ba stock,soared,2024-10-22 08:00:00+00:00,2024-11-28 08:00:00+00:00
bitcoin price today,8,hut 8 stock,"+4	200%",2024-10-22 08:00:00+00:00,2024-11-28 08:00:00+00:00
what is bitcoin,6,price of silver today,500%,2024-10-22 08:00:00+00:00,2024-11-28 08:00:00+00:00
price of bitcoin,5,cuanto vale un bitcoin,500%,2024-10-22 08:00:00+00:00,2024-11-28 08:00:00+00:00
ethereum,5,cuánto cuesta un bitcoin,350%,2024-10-22 08:00:00+00:00,2024-11-28 08:00:00+00:00
bitcoin news,5,gold price chart,300%,2024-10-22 08:00:00+00:00,2024-11-28 08:00:00+00:00
buy bitcoin,5,microsoft bitcoin,200%,2024-10-22 08:00:00+00:00,2024-11-28 08:00:00+00:00
crypto,4,2 bitcoin to usd,140%,2024-10-22 08:00:00+00:00,2024-11-28 08:00:00+00:00
ethereum price,4,price of gold today,130%,2024-10-22 08:00:00+00:00,2024-11-28 08:00:00+00:00
bitcoin cash,4,peter todd bitcoin,130%,2024-10-22 08:00:00+00:00,2024-11-28 08:00:00+00:00
gold price,4,nasdaq today,130%,2024-10-22 08:00:00+00:00,2024-11-28 08:00:00+00:00
how much is bitcoin,4,cuanto cuesta un bitcoin,120%,2024-10-22 08:00:00+00:00,2024-11-28 08:00:00+00:00
bitcoin mining,3,doge coin,110%,2024-10-22 08:00:00+00:00,2024-11-28 08:00:00+00:00
bitcoin etf,3,ionq stock,90%,2024-10-22 08:00:00+00:00,2024-11-28 08:00:00+00:00
bitcoin wallet,3,mu stock,80%,2024-10-22 08:00:00+00:00,2024-11-28 08:00:00+00:00
bitcoin to usd,3,broadcom stock,80%,2024-10-22 08:00:00+00:00,2024-11-28 08:00:00+00:00
bitcoin chart,3,peter todd,80%,2024-10-22 08:00:00+00:00,2024-11-28 08:00:00+00:00
tesla stock,2,lcid stock,70%,2024-10-22 08:00:00+00:00,2024-11-28 08:00:00+00:00
silver price,2,precio de bitcoin,70%,2024-10-22 08:00:00+00:00,2024-11-28 08:00:00+00:00
what is a bitcoin,2,bitcoin dominance chart,60%,2024-10-22 08:00:00+00:00,2024-11-28 08:00:00+00:00
bitcoin price,100,asml stock,soared,2024-10-15 08:00:00+00:00,2024-11-21 08:00:00+00:00
bitcoin usd,15,cony stock,"+4	850%",2024-10-15 08:00:00+00:00,2024-11-21 08:00:00+00:00
bitcoin stock,14,drug stock,"+4	550%",2024-10-15 08:00:00+00:00,2024-11-21 08:00:00+00:00
bitcoin usd price,13,ishares bitcoin trust,650%,2024-10-15 08:00:00+00:00,2024-11-21 08:00:00+00:00
bitcoin stock price,11,bitcoin all time high,300%,2024-10-15 08:00:00+00:00,2024-11-21 08:00:00+00:00
bitcoin today,8,bitcoin dominance,250%,2024-10-15 08:00:00+00:00,2024-11-21 08:00:00+00:00
bitcoin price today,7,tsmc stock,170%,2024-10-15 08:00:00+00:00,2024-11-21 08:00:00+00:00
what is bitcoin,6,gbtc stock,130%,2024-10-15 08:00:00+00:00,2024-11-21 08:00:00+00:00
bitcoin news,5,gold price per ounce,120%,2024-10-15 08:00:00+00:00,2024-11-21 08:00:00+00:00
ethereum,5,jm bullion,100%,2024-10-15 08:00:00+00:00,2024-11-21 08:00:00+00:00
price of bitcoin,5,litecoin price,100%,2024-10-15 08:00:00+00:00,2024-11-21 08:00:00+00:00
crypto,4,ibit,100%,2024-10-15 08:00:00+00:00,2024-11-21 08:00:00+00:00
buy bitcoin,4,bitcoin address lookup,100%,2024-10-15 08:00:00+00:00,2024-11-21 08:00:00+00:00
ethereum price,4,when did bitcoin start,90%,2024-10-15 08:00:00+00:00,2024-11-21 08:00:00+00:00
bitcoin cash,4,netflix stock,90%,2024-10-15 08:00:00+00:00,2024-11-21 08:00:00+00:00
how much is bitcoin,3,litecoin,80%,2024-10-15 08:00:00+00:00,2024-11-21 08:00:00+00:00
bitcoin coin,3,shiba inu coin,80%,2024-10-15 08:00:00+00:00,2024-11-21 08:00:00+00:00
bitcoin wallet,3,bitcoin gambling,80%,2024-10-15 08:00:00+00:00,2024-11-21 08:00:00+00:00
bitcoin etf,3,bitcoin dominance chart,80%,2024-10-15 08:00:00+00:00,2024-11-21 08:00:00+00:00
gold price,3,bitcoin price in 2010,80%,2024-10-15 08:00:00+00:00,2024-11-21 08:00:00+00:00
mining bitcoin,3,gbtc,70%,2024-10-15 08:00:00+00:00,2024-11-21 08:00:00+00:00
bitcoin to usd,3,silver spot price,70%,2024-10-15 08:00:00+00:00,2024-11-21 08:00:00+00:00
bitcoin chart,3,bitcoin etf,50%,2024-10-15 08:00:00+00:00,2024-11-21 08:00:00+00:00
bitcoin price,100,peter todd bitcoin,soared,2024-10-08 08:00:00+00:00,2024-11-14 08:00:00+00:00
bitcoin usd,20,peter todd,soared,2024-10-08 08:00:00+00:00,2024-11-14 08:00:00+00:00
bitcoin price usd,15,peter todd net worth,soared,2024-10-08 08:00:00+00:00,2024-11-14 08:00:00+00:00
bitcoin stock,15,money electric,500%,2024-10-08 08:00:00+00:00,2024-11-14 08:00:00+00:00
bitcoin stock price,12,money electric the bitcoin mystery,450%,2024-10-08 08:00:00+00:00,2024-11-14 08:00:00+00:00
bitcoin today,9,money electric hbo,450%,2024-10-08 08:00:00+00:00,2024-11-14 08:00:00+00:00
bitcoin price today,8,money the bitcoin mystery,350%,2024-10-08 08:00:00+00:00,2024-11-14 08:00:00+00:00
what is bitcoin,6,btc price usd,350%,2024-10-08 08:00:00+00:00,2024-11-14 08:00:00+00:00
bitcoin news,5,btc price,300%,2024-10-08 08:00:00+00:00,2024-11-14 08:00:00+00:00
price of bitcoin,5,bitcoin price graph,250%,2024-10-08 08:00:00+00:00,2024-11-14 08:00:00+00:00
ethereum,4,hbo bitcoin doc,250%,2024-10-08 08:00:00+00:00,2024-11-14 08:00:00+00:00
hbo bitcoin,4,nick szabo,200%,2024-10-08 08:00:00+00:00,2024-11-14 08:00:00+00:00
hbo,4,fintechzoom.com,200%,2024-10-08 08:00:00+00:00,2024-11-14 08:00:00+00:00
buy bitcoin,4,btc usd,180%,2024-10-08 08:00:00+00:00,2024-11-14 08:00:00+00:00
crypto,4,coinmarketcap,150%,2024-10-08 08:00:00+00:00,2024-11-14 08:00:00+00:00
bitcoin worth,4,bitcoin documentary,130%,2024-10-08 08:00:00+00:00,2024-11-14 08:00:00+00:00
how much is bitcoin,4,hbo,120%,2024-10-08 08:00:00+00:00,2024-11-14 08:00:00+00:00
bitcoin cash,4,1 bitcoin to usd,110%,2024-10-08 08:00:00+00:00,2024-11-14 08:00:00+00:00
peter todd bitcoin,4,peter todd bitcoin wikipedia,110%,2024-10-08 08:00:00+00:00,2024-11-14 08:00:00+00:00
peter todd,4,hbo bitcoin,110%,2024-10-08 08:00:00+00:00,2024-11-14 08:00:00+00:00
ethereum price,3,who invented bitcoin,100%,2024-10-08 08:00:00+00:00,2024-11-14 08:00:00+00:00
btc,3,btc,90%,2024-10-08 08:00:00+00:00,2024-11-14 08:00:00+00:00
bitcoin chart,3,bitcoin chart,40%,2024-10-08 08:00:00+00:00,2024-11-14 08:00:00+00:00
bitcoin price,100,hbo bitcoin,soared,2024-10-01 08:00:00+00:00,2024-11-07 08:00:00+00:00
bitcoin usd,15,hbo documentary bitcoin,soared,2024-10-01 08:00:00+00:00,2024-11-07 08:00:00+00:00
bitcoin stock,13,fintechzoom.com,soared,2024-10-01 08:00:00+00:00,2024-11-07 08:00:00+00:00
bitcoin price usd,12,money the bitcoin mystery,soared,2024-10-01 08:00:00+00:00,2024-11-07 08:00:00+00:00
bitcoin stock price,11,hbo bitcoin documentary release date,soared,2024-10-01 08:00:00+00:00,2024-11-07 08:00:00+00:00
bitcoin today,8,hbo bitcoin doc,soared,2024-10-01 08:00:00+00:00,2024-11-07 08:00:00+00:00
bitcoin price today,7,money electric the bitcoin mystery,soared,2024-10-01 08:00:00+00:00,2024-11-07 08:00:00+00:00
what is bitcoin,5,bitcoin documentary,"+2	400%",2024-10-01 08:00:00+00:00,2024-11-07 08:00:00+00:00
price of bitcoin,5,len sassaman,"+1	600%",2024-10-01 08:00:00+00:00,2024-11-07 08:00:00+00:00
bitcoin news,5,bitcoin creator,"+1	050%",2024-10-01 08:00:00+00:00,2024-11-07 08:00:00+00:00
ethereum,4,djia today,450%,2024-10-01 08:00:00+00:00,2024-11-07 08:00:00+00:00
buy bitcoin,3,iran news,400%,2024-10-01 08:00:00+00:00,2024-11-07 08:00:00+00:00
crypto,3,bitcoin creator satoshi nakamoto,400%,2024-10-01 08:00:00+00:00,2024-11-07 08:00:00+00:00
how much is bitcoin,3,wulf stock,350%,2024-10-01 08:00:00+00:00,2024-11-07 08:00:00+00:00
bitcoin cash,3,who created bitcoin,300%,2024-10-01 08:00:00+00:00,2024-11-07 08:00:00+00:00
ethereum price,3,satoshi nakamoto,200%,2024-10-01 08:00:00+00:00,2024-11-07 08:00:00+00:00
bitcoin wallet,3,bitcoin magazine twitter,200%,2024-10-01 08:00:00+00:00,2024-11-07 08:00:00+00:00
bitcoin price,100,threatening email asking for bitcoin,"+2	400%",2024-09-01 08:00:00+00:00,2024-09-30 08:00:00+00:00
bitcoin usd,17,bitcoin farm tarkov,200%,2024-09-01 08:00:00+00:00,2024-09-30 08:00:00+00:00
bitcoin stock,16,polymarket,110%,2024-09-01 08:00:00+00:00,2024-09-30 08:00:00+00:00
bitcoin price usd,14,what is a bitcoin mine,100%,2024-09-01 08:00:00+00:00,2024-09-30 08:00:00+00:00
bitcoin stock price,13,bitcoin address lookup,70%,2024-09-01 08:00:00+00:00,2024-09-30 08:00:00+00:00
bitcoin today,8,swan bitcoin,60%,2024-09-01 08:00:00+00:00,2024-09-30 08:00:00+00:00
bitcoin price today,7,blackrock bitcoin,50%,2024-09-01 08:00:00+00:00,2024-09-30 08:00:00+00:00
what is bitcoin,6,baba stock,50%,2024-09-01 08:00:00+00:00,2024-09-30 08:00:00+00:00
ethereum,5,intc stock,50%,2024-09-01 08:00:00+00:00,2024-09-30 08:00:00+00:00
price of bitcoin,5,nio stock,50%,2024-09-01 08:00:00+00:00,2024-09-30 08:00:00+00:00
ethereum price,5,lcid stock,50%,2024-09-01 08:00:00+00:00,2024-09-30 08:00:00+00:00
bitcoin news,4,broadcom stock,40%,2024-09-01 08:00:00+00:00,2024-09-30 08:00:00+00:00
buy bitcoin,3,ccl stock,40%,2024-09-01 08:00:00+00:00,2024-09-30 08:00:00+00:00
crypto,3,bitcoin explorer,40%,2024-09-01 08:00:00+00:00,2024-09-30 08:00:00+00:00
how much is bitcoin,3,price of silver,40%,2024-09-01 08:00:00+00:00,2024-09-30 08:00:00+00:00
price bitcoin,100,japan stock market,"+1	400%",2024-08-01 08:00:00+00:00,2024-08-31 08:00:00+00:00
bitcoin stock,16,nikkei index,"+1	200%",2024-08-01 08:00:00+00:00,2024-08-31 08:00:00+00:00
bitcoin usd,14,stock market crash,800%,2024-08-01 08:00:00+00:00,2024-08-31 08:00:00+00:00
bitcoin stock price,13,nikkei 225,600%,2024-08-01 08:00:00+00:00,2024-08-31 08:00:00+00:00
bitcoin price usd,11,intel stock,300%,2024-08-01 08:00:00+00:00,2024-08-31 08:00:00+00:00
bitcoin today,8,bitcoin crashing,250%,2024-08-01 08:00:00+00:00,2024-08-31 08:00:00+00:00
bitcoin price today,6,vix stock,250%,2024-08-01 08:00:00+00:00,2024-08-31 08:00:00+00:00
ethereum,6,asts stock,250%,2024-08-01 08:00:00+00:00,2024-08-31 08:00:00+00:00
ethereum price,5,bitstop bitcoin atm,200%,2024-08-01 08:00:00+00:00,2024-08-31 08:00:00+00:00
what is bitcoin,4,lockheed martin stock,190%,2024-08-01 08:00:00+00:00,2024-08-31 08:00:00+00:00
price of bitcoin,4,vix index,150%,2024-08-01 08:00:00+00:00,2024-08-31 08:00:00+00:00
bitcoin news,4,stock market,150%,2024-08-01 08:00:00+00:00,2024-08-31 08:00:00+00:00
buy bitcoin,3,nasdaq futures,140%,2024-08-01 08:00:00+00:00,2024-08-31 08:00:00+00:00
bitcoin crypto,3,stock market today,120%,2024-08-01 08:00:00+00:00,2024-08-31 08:00:00+00:00
dow,3,dow jones futures,120%,2024-08-01 08:00:00+00:00,2024-08-31 08:00:00+00:00
crypto,3,bitcoin crash,100%,2024-08-01 08:00:00+00:00,2024-08-31 08:00:00+00:00
bitcoin cash,2,dow futures,100%,2024-08-01 08:00:00+00:00,2024-08-31 08:00:00+00:00
gold price,2,djia,80%,2024-08-01 08:00:00+00:00,2024-08-31 08:00:00+00:00
how much is bitcoin,2,usd to inr,80%,2024-08-01 08:00:00+00:00,2024-08-31 08:00:00+00:00
nvidia,2,dow,70%,2024-08-01 08:00:00+00:00,2024-08-31 08:00:00+00:00
dow jones,2,dow jones,50%,2024-08-01 08:00:00+00:00,2024-08-31 08:00:00+00:00
bitcoin price,100,kamala harris bitcoin,soared,2024-07-01 08:00:00+00:00,2024-07-31 08:00:00+00:00
bitcoin usd,17,bitcoin conference date,soared,2024-07-01 08:00:00+00:00,2024-07-31 08:00:00+00:00
bitcoin stock,16,bitcoin conference 2025,soared,2024-07-01 08:00:00+00:00,2024-07-31 08:00:00+00:00
bitcoin price usd,14,trump bitcoin conference,"+3	850%",2024-07-01 08:00:00+00:00,2024-07-31 08:00:00+00:00
bitcoin stock price,14,mt gox bitcoin payout,"+3	700%",2024-07-01 08:00:00+00:00,2024-07-31 08:00:00+00:00
bitcoin today,8,bitcoin conference,"+1	050%",2024-07-01 08:00:00+00:00,2024-07-31 08:00:00+00:00
ethereum,7,nashville bitcoin conference,650%,2024-07-01 08:00:00+00:00,2024-07-31 08:00:00+00:00
bitcoin price today,7,bitcoin conference 2024,650%,2024-07-01 08:00:00+00:00,2024-07-31 08:00:00+00:00
ethereum price,6,bitcoin conference schedule,550%,2024-07-01 08:00:00+00:00,2024-07-31 08:00:00+00:00
what is bitcoin,6,bitcoin 2024 nashville,450%,2024-07-01 08:00:00+00:00,2024-07-31 08:00:00+00:00
price of bitcoin,5,bitcoin nashville,450%,2024-07-01 08:00:00+00:00,2024-07-31 08:00:00+00:00
bitcoin trump,5,bitcoin trump,300%,2024-07-01 08:00:00+00:00,2024-07-31 08:00:00+00:00
bitcoin news,5,trump on bitcoin,250%,2024-07-01 08:00:00+00:00,2024-07-31 08:00:00+00:00
bitcoin 2024,4,ishares bitcoin trust,250%,2024-07-01 08:00:00+00:00,2024-07-31 08:00:00+00:00
buy bitcoin,3,germany bitcoin,150%,2024-07-01 08:00:00+00:00,2024-07-31 08:00:00+00:00
bitcoin conference,3,what is a bitcoin mine,150%,2024-07-01 08:00:00+00:00,2024-07-31 08:00:00+00:00
crypto,3,bitcoin 2024,50%,2024-07-01 08:00:00+00:00,2024-07-31 08:00:00+00:00
bitcoin price,100,why is bitcoin dropping,300%,2024-06-01 08:00:00+00:00,2024-06-30 08:00:00+00:00
bitcoin usd,16,avgo stock,250%,2024-06-01 08:00:00+00:00,2024-06-30 08:00:00+00:00
bitcoin stock,16,broadcom stock,180%,2024-06-01 08:00:00+00:00,2024-06-30 08:00:00+00:00
bitcoin stock price,14,bitcoin conference 2024,160%,2024-06-01 08:00:00+00:00,2024-06-30 08:00:00+00:00
bitcoin usd price,14,cmg stock,110%,2024-06-01 08:00:00+00:00,2024-06-30 08:00:00+00:00
bitcoin today,7,iren stock,100%,2024-06-01 08:00:00+00:00,2024-06-30 08:00:00+00:00
ethereum,7,bitcoin fear and greed index,100%,2024-06-01 08:00:00+00:00,2024-06-30 08:00:00+00:00
ethereum price,7,chipotle stock,80%,2024-06-01 08:00:00+00:00,2024-06-30 08:00:00+00:00
bitcoin price today,6,mu stock,80%,2024-06-01 08:00:00+00:00,2024-06-30 08:00:00+00:00
price of bitcoin,5,wulf stock,80%,2024-06-01 08:00:00+00:00,2024-06-30 08:00:00+00:00
what is bitcoin,5,gme stock,70%,2024-06-01 08:00:00+00:00,2024-06-30 08:00:00+00:00
bitcoin news,4,bitx stock,60%,2024-06-01 08:00:00+00:00,2024-06-30 08:00:00+00:00
buy bitcoin,3,nvidia stock,60%,2024-06-01 08:00:00+00:00,2024-06-30 08:00:00+00:00
crypto,3,nvidia stock price,60%,2024-06-01 08:00:00+00:00,2024-06-30 08:00:00+00:00
bitcoin cash,3,nvda stock price,60%,2024-06-01 08:00:00+00:00,2024-06-30 08:00:00+00:00
how much is bitcoin,3,gme stock price,60%,2024-06-01 08:00:00+00:00,2024-06-30 08:00:00+00:00
bitcoin worth,2,dell stock,50%,2024-06-01 08:00:00+00:00,2024-06-30 08:00:00+00:00
bitcoin mining,2,bitcoin crash,50%,2024-06-01 08:00:00+00:00,2024-06-30 08:00:00+00:00
nvidia stock,2,nvda stock,50%,2024-06-01 08:00:00+00:00,2024-06-30 08:00:00+00:00
bitcoin wallet,2,smci stock,50%,2024-06-01 08:00:00+00:00,2024-06-30 08:00:00+00:00
bitcoin etf,2,aapl stock,50%,2024-06-01 08:00:00+00:00,2024-06-30 08:00:00+00:00
bitcoin to usd,2,hut 8 stock,50%,2024-06-01 08:00:00+00:00,2024-06-30 08:00:00+00:00
gold price,2,intel stock,40%,2024-06-01 08:00:00+00:00,2024-06-30 08:00:00+00:00
dow,2,arm stock,40%,2024-06-01 08:00:00+00:00,2024-06-30 08:00:00+00:00
price bitcoin,100,digital container associated with bitcoin,soared,2024-05-01 08:00:00+00:00,2024-05-31 08:00:00+00:00
bitcoin stock,15,ffie stock,soared,2024-05-01 08:00:00+00:00,2024-05-31 08:00:00+00:00
bitcoin usd,14,polemology,"+4	450%",2024-05-01 08:00:00+00:00,2024-05-31 08:00:00+00:00
bitcoin price usd,13,bitcoin container,"+1	350%",2024-05-01 08:00:00+00:00,2024-05-31 08:00:00+00:00
bitcoin stock price,12,bitcoin pizza day,850%,2024-05-01 08:00:00+00:00,2024-05-31 08:00:00+00:00
ethereum,7,gamestop stock,750%,2024-05-01 08:00:00+00:00,2024-05-31 08:00:00+00:00
bitcoin today,7,gme stock price,600%,2024-05-01 08:00:00+00:00,2024-05-31 08:00:00+00:00
ethereum price,6,gme stock,550%,2024-05-01 08:00:00+00:00,2024-05-31 08:00:00+00:00
bitcoin price today,6,amc stock,300%,2024-05-01 08:00:00+00:00,2024-05-31 08:00:00+00:00
price of bitcoin,5,amc stock price,250%,2024-05-01 08:00:00+00:00,2024-05-31 08:00:00+00:00
what is bitcoin,4,ethereum etf,150%,2024-05-01 08:00:00+00:00,2024-05-31 08:00:00+00:00
bitcoin news,4,wells fargo bitcoin,140%,2024-05-01 08:00:00+00:00,2024-05-31 08:00:00+00:00
how much is bitcoin,3,bitcoin a dolar,130%,2024-05-01 08:00:00+00:00,2024-05-31 08:00:00+00:00
crypto,3,bitcoin gambling,120%,2024-05-01 08:00:00+00:00,2024-05-31 08:00:00+00:00
buy bitcoin,3,bitf stock,110%,2024-05-01 08:00:00+00:00,2024-05-31 08:00:00+00:00
bitcoin worth,2,hood stock,100%,2024-05-01 08:00:00+00:00,2024-05-31 08:00:00+00:00
bitcoin cash,2,disney stock,100%,2024-05-01 08:00:00+00:00,2024-05-31 08:00:00+00:00
gold price,2,dell stock,70%,2024-05-01 08:00:00+00:00,2024-05-31 08:00:00+00:00
bitcoin etf,2,hbar price,70%,2024-05-01 08:00:00+00:00,2024-05-31 08:00:00+00:00
dow,2,pltr stock,70%,2024-05-01 08:00:00+00:00,2024-05-31 08:00:00+00:00
bitcoin to usd,2,precio de bitcoin,60%,2024-05-01 08:00:00+00:00,2024-05-31 08:00:00+00:00
bitcoin atm,2,walmart stock,60%,2024-05-01 08:00:00+00:00,2024-05-31 08:00:00+00:00
bitcoin mining,2,bitcoin orice,60%,2024-05-01 08:00:00+00:00,2024-05-31 08:00:00+00:00
bitcoin wallet,2,nasdaq composite,50%,2024-05-01 08:00:00+00:00,2024-05-31 08:00:00+00:00
dogecoin,2,baba stock,50%,2024-05-01 08:00:00+00:00,2024-05-31 08:00:00+00:00
bitcoin price,100,bitcoin halving countdown coinmarketcap,"+2	350%",2024-04-01 08:00:00+00:00,2024-04-30 08:00:00+00:00
halving bitcoin,20,bitcoin runes,"+1	400%",2024-04-01 08:00:00+00:00,2024-04-30 08:00:00+00:00
bitcoin usd,14,hong kong bitcoin etf,"+1	300%",2024-04-01 08:00:00+00:00,2024-04-30 08:00:00+00:00
bitcoin stock,14,bitcoin halving countdown,850%,2024-04-01 08:00:00+00:00,2024-04-30 08:00:00+00:00
bitcoin price usd,12,did bitcoin halve,750%,2024-04-01 08:00:00+00:00,2024-04-30 08:00:00+00:00
bitcoin stock price,11,bitcoin halving clock,600%,2024-04-01 08:00:00+00:00,2024-04-30 08:00:00+00:00
bitcoin today,8,bitcoin halving timer,400%,2024-04-01 08:00:00+00:00,2024-04-30 08:00:00+00:00
bitcoin price today,6,bitcoin halving countdown 2024,350%,2024-04-01 08:00:00+00:00,2024-04-30 08:00:00+00:00
ethereum,6,bitcoin halving day,350%,2024-04-01 08:00:00+00:00,2024-04-30 08:00:00+00:00
what is bitcoin,6,bitcoin halving event,250%,2024-04-01 08:00:00+00:00,2024-04-30 08:00:00+00:00
ethereum price,5,bitcoin halving 2024 prediction,250%,2024-04-01 08:00:00+00:00,2024-04-30 08:00:00+00:00
price of bitcoin,5,halving bitcoin,200%,2024-04-01 08:00:00+00:00,2024-04-30 08:00:00+00:00
bitcoin halving countdown,4,when is bitcoin halving?,200%,2024-04-01 08:00:00+00:00,2024-04-30 08:00:00+00:00
bitcoin news,4,bitcoin cash halving,200%,2024-04-01 08:00:00+00:00,2024-04-30 08:00:00+00:00
buy bitcoin,4,bitcoin halving date,200%,2024-04-01 08:00:00+00:00,2024-04-30 08:00:00+00:00
crypto,3,bitcoin halving date 2024,150%,2024-04-01 08:00:00+00:00,2024-04-30 08:00:00+00:00
bitcoin halving 2024,3,bitcoin halfing,150%,2024-04-01 08:00:00+00:00,2024-04-30 08:00:00+00:00
bitcoin cash,3,when is the bitcoin halving,150%,2024-04-01 08:00:00+00:00,2024-04-30 08:00:00+00:00
how much is bitcoin,3,bitcoin halving 2024,150%,2024-04-01 08:00:00+00:00,2024-04-30 08:00:00+00:00
bitcoin etf,3,when is the bitcoin halving 2024,140%,2024-04-01 08:00:00+00:00,2024-04-30 08:00:00+00:00
gold price,3,when does bitcoin half,130%,2024-04-01 08:00:00+00:00,2024-04-30 08:00:00+00:00
bitcoin chart,2,when is bitcoin halving,130%,2024-04-01 08:00:00+00:00,2024-04-30 08:00:00+00:00
dogecoin,2,when is bitcoin halving 2024,130%,2024-04-01 08:00:00+00:00,2024-04-30 08:00:00+00:00
when is bitcoin halving,2,bitcoin halving history,110%,2024-04-01 08:00:00+00:00,2024-04-30 08:00:00+00:00
mining bitcoin,2,oil prices,100%,2024-04-01 08:00:00+00:00,2024-04-30 08:00:00+00:00
bitcoin price,100,el salvador bitcoin holdings,"+1	600%",2024-03-01 08:00:00+00:00,2024-03-31 08:00:00+00:00
bitcoin stock,14,shib price,300%,2024-03-01 08:00:00+00:00,2024-03-31 08:00:00+00:00
bitcoin usd,13,pepe coin,300%,2024-03-01 08:00:00+00:00,2024-03-31 08:00:00+00:00
bitcoin price usd,11,will bitcoin keep going up,150%,2024-03-01 08:00:00+00:00,2024-03-31 08:00:00+00:00
bitcoin stock price,10,shiba,140%,2024-03-01 08:00:00+00:00,2024-03-31 08:00:00+00:00
ethereum,9,shiba inu,130%,2024-03-01 08:00:00+00:00,2024-03-31 08:00:00+00:00
ethereum price,7,shiba inu coin price,130%,2024-03-01 08:00:00+00:00,2024-03-31 08:00:00+00:00
bitcoin today,6,shiba inu coin,120%,2024-03-01 08:00:00+00:00,2024-03-31 08:00:00+00:00
halving bitcoin,6,bitcoin all time high,120%,2024-03-01 08:00:00+00:00,2024-03-31 08:00:00+00:00
bitcoin price today,5,bitcoin ath,120%,2024-03-01 08:00:00+00:00,2024-03-31 08:00:00+00:00
what is bitcoin,5,shiba inu price,120%,2024-03-01 08:00:00+00:00,2024-03-31 08:00:00+00:00
price of bitcoin,5,microstrategy stock,100%,2024-03-01 08:00:00+00:00,2024-03-31 08:00:00+00:00
bitcoin etf,4,dogecoin,100%,2024-03-01 08:00:00+00:00,2024-03-31 08:00:00+00:00
crypto,4,dogecoin price,90%,2024-03-01 08:00:00+00:00,2024-03-31 08:00:00+00:00
buy bitcoin,4,tsm stock,90%,2024-03-01 08:00:00+00:00,2024-03-31 08:00:00+00:00
bitcoin news,3,mstr stock,80%,2024-03-01 08:00:00+00:00,2024-03-31 08:00:00+00:00
dogecoin,3,microstrategy,80%,2024-03-01 08:00:00+00:00,2024-03-31 08:00:00+00:00
how much is bitcoin,3,microstrategy bitcoin,80%,2024-03-01 08:00:00+00:00,2024-03-31 08:00:00+00:00
bitcoin cash,2,mstr stock price,70%,2024-03-01 08:00:00+00:00,2024-03-31 08:00:00+00:00
dogecoin price,2,doge price,70%,2024-03-01 08:00:00+00:00,2024-03-31 08:00:00+00:00
bitcoin chart,2,mstr,70%,2024-03-01 08:00:00+00:00,2024-03-31 08:00:00+00:00
reddit bitcoin,2,doge coin,70%,2024-03-01 08:00:00+00:00,2024-03-31 08:00:00+00:00
coinbase,2,dogecoin price usd,60%,2024-03-01 08:00:00+00:00,2024-03-31 08:00:00+00:00
bitcoin mining,2,doge,60%,2024-03-01 08:00:00+00:00,2024-03-31 08:00:00+00:00
shiba,2,green bitcoin,50%,2024-03-01 08:00:00+00:00,2024-03-31 08:00:00+00:00
price bitcoin,100,why is bitcoin going up,700%,2024-02-01 08:00:00+00:00,2024-02-29 08:00:00+00:00
bitcoin usd,15,bitcoin all time high,600%,2024-02-01 08:00:00+00:00,2024-02-29 08:00:00+00:00
bitcoin stock,15,bitcoin ath,500%,2024-02-01 08:00:00+00:00,2024-02-29 08:00:00+00:00
bitcoin price usd,13,soun stock,450%,2024-02-01 08:00:00+00:00,2024-02-29 08:00:00+00:00
bitcoin stock price,11,arm stock,400%,2024-02-01 08:00:00+00:00,2024-02-29 08:00:00+00:00
ethereum,9,smci stock,350%,2024-02-01 08:00:00+00:00,2024-02-29 08:00:00+00:00
ethereum price,8,is bitcoin going up,350%,2024-02-01 08:00:00+00:00,2024-02-29 08:00:00+00:00
bitcoin today,7,panw stock,250%,2024-02-01 08:00:00+00:00,2024-02-29 08:00:00+00:00
what is bitcoin,6,walmart stock,200%,2024-02-01 08:00:00+00:00,2024-02-29 08:00:00+00:00
bitcoin etf,5,bitstop bitcoin atm,170%,2024-02-01 08:00:00+00:00,2024-02-29 08:00:00+00:00
bitcoin price today,5,bitcoin halving countdown,150%,2024-02-01 08:00:00+00:00,2024-02-29 08:00:00+00:00
halving bitcoin,5,halving bitcoin,140%,2024-02-01 08:00:00+00:00,2024-02-29 08:00:00+00:00
price of bitcoin,5,when is bitcoin halving,130%,2024-02-01 08:00:00+00:00,2024-02-29 08:00:00+00:00
bitcoin news,4,hood stock,120%,2024-02-01 08:00:00+00:00,2024-02-29 08:00:00+00:00
buy bitcoin,4,what is bitcoin halving,120%,2024-02-01 08:00:00+00:00,2024-02-29 08:00:00+00:00
crypto,4,when is the bitcoin halving,110%,2024-02-01 08:00:00+00:00,2024-02-29 08:00:00+00:00
how much is bitcoin,3,bitcoin rainbow chart,100%,2024-02-01 08:00:00+00:00,2024-02-29 08:00:00+00:00
mining bitcoin,3,nvidia stock,90%,2024-02-01 08:00:00+00:00,2024-02-29 08:00:00+00:00
bitcoin worth,3,bitcoin halving date,80%,2024-02-01 08:00:00+00:00,2024-02-29 08:00:00+00:00
coinbase,2,bitcoin fear and greed index,80%,2024-02-01 08:00:00+00:00,2024-02-29 08:00:00+00:00
bitcoin cash,2,nvidia stock price,80%,2024-02-01 08:00:00+00:00,2024-02-29 08:00:00+00:00
bitcoin chart,2,el salvador bitcoin,80%,2024-02-01 08:00:00+00:00,2024-02-29 08:00:00+00:00
btc,2,when is bitcoin halving 2024,80%,2024-02-01 08:00:00+00:00,2024-02-29 08:00:00+00:00
bitcoin atm,2,what is bitcoin mining,80%,2024-02-01 08:00:00+00:00,2024-02-29 08:00:00+00:00
bitcoin wallet,2,el salvador,70%,2024-02-01 08:00:00+00:00,2024-02-29 08:00:00+00:00
bitcoin price,100,ibit stock,soared,2024-01-01 08:00:00+00:00,2024-01-31 08:00:00+00:00
bitcoin etf,23,bitb,soared,2024-01-01 08:00:00+00:00,2024-01-31 08:00:00+00:00
etf,23,fbtc,soared,2024-01-01 08:00:00+00:00,2024-01-31 08:00:00+00:00
bitcoin stock,16,ibit price,"+4	500%",2024-01-01 08:00:00+00:00,2024-01-31 08:00:00+00:00
bitcoin usd,13,jamie dimon bitcoin etf,"+4	450%",2024-01-01 08:00:00+00:00,2024-01-31 08:00:00+00:00
bitcoin stock price,12,ibit etf,"+3	750%",2024-01-01 08:00:00+00:00,2024-01-31 08:00:00+00:00
bitcoin price usd,12,ibit,"+3	650%",2024-01-01 08:00:00+00:00,2024-01-31 08:00:00+00:00
ethereum,7,arkb,"+3	550%",2024-01-01 08:00:00+00:00,2024-01-31 08:00:00+00:00
bitcoin today,7,bitcoin etf ticker,"+2	100%",2024-01-01 08:00:00+00:00,2024-01-31 08:00:00+00:00
ethereum price,6,fidelity bitcoin etf ticker,"+1	900%",2024-01-01 08:00:00+00:00,2024-01-31 08:00:00+00:00
bitcoin news,6,ishares bitcoin trust,"+1	750%",2024-01-01 08:00:00+00:00,2024-01-31 08:00:00+00:00
what is bitcoin,6,bitcoin etfs list,"+1	350%",2024-01-01 08:00:00+00:00,2024-01-31 08:00:00+00:00
bitcoin price today,6,blackrock bitcoin etf ticker,"+1	300%",2024-01-01 08:00:00+00:00,2024-01-31 08:00:00+00:00
price of bitcoin,5,sec approves bitcoin etf,900%,2024-01-01 08:00:00+00:00,2024-01-31 08:00:00+00:00
buy bitcoin,4,fidelity bitcoin etf,800%,2024-01-01 08:00:00+00:00,2024-01-31 08:00:00+00:00
crypto,4,bitcoin wtf,800%,2024-01-01 08:00:00+00:00,2024-01-31 08:00:00+00:00
etf bitcoin approval,3,bitcoin etf approval deadline,750%,2024-01-01 08:00:00+00:00,2024-01-31 08:00:00+00:00
how much is bitcoin,3,ark bitcoin etf,650%,2024-01-01 08:00:00+00:00,2024-01-31 08:00:00+00:00
bitcoin cash,3,bitwise bitcoin etf,650%,2024-01-01 08:00:00+00:00,2024-01-31 08:00:00+00:00
bitcoin etf price,2,bitcoin etfs,550%,2024-01-01 08:00:00+00:00,2024-01-31 08:00:00+00:00
btc,2,sec bitcoin etf approval,500%,2024-01-01 08:00:00+00:00,2024-01-31 08:00:00+00:00
bitcoin halving,2,sec bitcoin etf,500%,2024-01-01 08:00:00+00:00,2024-01-31 08:00:00+00:00
sec,2,sec bitcoin,500%,2024-01-01 08:00:00+00:00,2024-01-31 08:00:00+00:00
sec bitcoin,2,sec,500%,2024-01-01 08:00:00+00:00,2024-01-31 08:00:00+00:00
bitcoin mining,2,vanguard bitcoin etf,450%,2024-01-01 08:00:00+00:00,2024-01-31 08:00:00+00:00
bitcoin price,100,how to buy bitcoin on etoro app,soared,2023-07-01 08:00:00+00:00,2023-12-31 08:00:00+00:00
bitcoin stock,14,college football odds betus sportsbook,soared,2023-07-01 08:00:00+00:00,2023-12-31 08:00:00+00:00
bitcoin usd,13,sports book betus,soared,2023-07-01 08:00:00+00:00,2023-12-31 08:00:00+00:00
bitcoin stock price,12,high risk merchant account at highriskpay.com,soared,2023-07-01 08:00:00+00:00,2023-12-31 08:00:00+00:00
bitcoin price usd,11,online sports betting betus,"+3	250%",2023-07-01 08:00:00+00:00,2023-12-31 08:00:00+00:00
bitcoin today,8,nfl betting lines betus,"+3	200%",2023-07-01 08:00:00+00:00,2023-12-31 08:00:00+00:00
ethereum,7,bitcoin etf approval,"+2	650%",2023-07-01 08:00:00+00:00,2023-12-31 08:00:00+00:00
buy bitcoin,6,betonline betus sportsbook,"+2	300%",2023-07-01 08:00:00+00:00,2023-12-31 08:00:00+00:00
bitcoin price today,6,byte federal bitcoin,"+1	000%",2023-07-01 08:00:00+00:00,2023-12-31 08:00:00+00:00
ethereum price,6,bitcoin etf news,950%,2023-07-01 08:00:00+00:00,2023-12-31 08:00:00+00:00
what is bitcoin,6,budgetcoinz bitcoin,850%,2023-07-01 08:00:00+00:00,2023-12-31 08:00:00+00:00
price of bitcoin,5,bitcoin spot etf,750%,2023-07-01 08:00:00+00:00,2023-12-31 08:00:00+00:00
bitcoin news,5,pregnancy,600%,2023-07-01 08:00:00+00:00,2023-12-31 08:00:00+00:00
bitcoin cash,4,bill gates bitcoin,550%,2023-07-01 08:00:00+00:00,2023-12-31 08:00:00+00:00
how much is bitcoin,4,warren buffett,500%,2023-07-01 08:00:00+00:00,2023-12-31 08:00:00+00:00
bitcoin atm,4,warren buffett bitcoin,500%,2023-07-01 08:00:00+00:00,2023-12-31 08:00:00+00:00
crypto,4,bitcoin etf,350%,2023-07-01 08:00:00+00:00,2023-12-31 08:00:00+00:00
bitcoin worth,3,high risk merchant highriskpay.com,300%,2023-07-01 08:00:00+00:00,2023-12-31 08:00:00+00:00
dow,3,blackrock bitcoin etf,250%,2023-07-01 08:00:00+00:00,2023-12-31 08:00:00+00:00
bitcoin etf,3,bitcoin prediction 2024,250%,2023-07-01 08:00:00+00:00,2023-12-31 08:00:00+00:00
how to buy bitcoin,3,bitcoin halving 2024,250%,2023-07-01 08:00:00+00:00,2023-12-31 08:00:00+00:00
bitcoin wallet,3,bitcoin price prediction 2024,190%,2023-07-01 08:00:00+00:00,2023-12-31 08:00:00+00:00
bitcoin to usd,3,clsk stock,180%,2023-07-01 08:00:00+00:00,2023-12-31 08:00:00+00:00
bitcoin mining,3,bitstop bitcoin atm,180%,2023-07-01 08:00:00+00:00,2023-12-31 08:00:00+00:00
dow jones,3,elon musk bitcoin,160%,2023-07-01 08:00:00+00:00,2023-12-31 08:00:00+00:00
price bitcoin,100,bitcoin extractor,soared,2023-01-01 08:00:00+00:00,2023-06-30 08:00:00+00:00
bitcoin stock,14,frc stock,"+3	450%",2023-01-01 08:00:00+00:00,2023-06-30 08:00:00+00:00
bitcoin stock price,12,first republic bank stock,"+3	450%",2023-01-01 08:00:00+00:00,2023-06-30 08:00:00+00:00
bitcoin usd,12,bitstop bitcoin atm,"+2	100%",2023-01-01 08:00:00+00:00,2023-06-30 08:00:00+00:00
bitcoin price usd,9,www btcminer live,"+1	700%",2023-01-01 08:00:00+00:00,2023-06-30 08:00:00+00:00
bitcoin today,8,cryptobase bitcoin a,450%,2023-01-01 08:00:00+00:00,2023-06-30 08:00:00+00:00
ethereum,7,bitcoin conference 2023,350%,2023-01-01 08:00:00+00:00,2023-06-30 08:00:00+00:00
bitcoin price today,6,bitcoin prediction 2023,160%,2023-01-01 08:00:00+00:00,2023-06-30 08:00:00+00:00
ethereum price,6,bitcoin halving countdown,110%,2023-01-01 08:00:00+00:00,2023-06-30 08:00:00+00:00
price of bitcoin,5,"bitcoin price	 ethereum",110%,2023-01-01 08:00:00+00:00,2023-06-30 08:00:00+00:00
what is bitcoin,5,bitcoin halving,110%,2023-01-01 08:00:00+00:00,2023-06-30 08:00:00+00:00
buy bitcoin,5,mara stock,100%,2023-01-01 08:00:00+00:00,2023-06-30 08:00:00+00:00
bitcoin news,4,mara stock price,90%,2023-01-01 08:00:00+00:00,2023-06-30 08:00:00+00:00
dow,4,xrp price,90%,2023-01-01 08:00:00+00:00,2023-06-30 08:00:00+00:00
bitcoin cash,4,bitcoin etf,90%,2023-01-01 08:00:00+00:00,2023-06-30 08:00:00+00:00
bitcoin atm,3,gold price today,80%,2023-01-01 08:00:00+00:00,2023-06-30 08:00:00+00:00
how much is bitcoin,3,riot stock,70%,2023-01-01 08:00:00+00:00,2023-06-30 08:00:00+00:00
crypto,3,xrp news,70%,2023-01-01 08:00:00+00:00,2023-06-30 08:00:00+00:00
dow jones,3,xrp,60%,2023-01-01 08:00:00+00:00,2023-06-30 08:00:00+00:00
bitcoin worth,3,bitcoin halving dates,60%,2023-01-01 08:00:00+00:00,2023-06-30 08:00:00+00:00
tesla stock,3,bac stock,60%,2023-01-01 08:00:00+00:00,2023-06-30 08:00:00+00:00
gold price,3,matic price,50%,2023-01-01 08:00:00+00:00,2023-06-30 08:00:00+00:00
bitcoin wallet,2,silver price,50%,2023-01-01 08:00:00+00:00,2023-06-30 08:00:00+00:00
mining bitcoin,2,gold price,50%,2023-01-01 08:00:00+00:00,2023-06-30 08:00:00+00:00
dogecoin,2,gbtc stock,50%,2023-01-01 08:00:00+00:00,2023-06-30 08:00:00+00:00
price bitcoin,100,how to buy bitcoin on etoro,soared,2022-07-01 08:00:00+00:00,2022-12-31 08:00:00+00:00
bitcoin stock,16,buy bitcoin on etoro,soared,2022-07-01 08:00:00+00:00,2022-12-31 08:00:00+00:00
bitcoin stock price,12,how to buy dogecoin on etoro,soared,2022-07-01 08:00:00+00:00,2022-12-31 08:00:00+00:00
bitcoin usd,12,buy dogecoin on etoro,soared,2022-07-01 08:00:00+00:00,2022-12-31 08:00:00+00:00
bitcoin price usd,9,buy tesla stock on etoro,soared,2022-07-01 08:00:00+00:00,2022-12-31 08:00:00+00:00
bitcoin today,9,crm monday,soared,2022-07-01 08:00:00+00:00,2022-12-31 08:00:00+00:00
ethereum,8,funeral flowers kremp flowers,soared,2022-07-01 08:00:00+00:00,2022-12-31 08:00:00+00:00
buy bitcoin,7,monday.com login,soared,2022-07-01 08:00:00+00:00,2022-12-31 08:00:00+00:00
bitcoin price today,7,crm system monday,soared,2022-07-01 08:00:00+00:00,2022-12-31 08:00:00+00:00
ethereum price,6,flower arrangements kremp flowers,soared,2022-07-01 08:00:00+00:00,2022-12-31 08:00:00+00:00
dow,6,how to buy ethereum on etoro,soared,2022-07-01 08:00:00+00:00,2022-12-31 08:00:00+00:00
price of bitcoin,6,accessibe login,soared,2022-07-01 08:00:00+00:00,2022-12-31 08:00:00+00:00
dow jones,5,crm software monday,soared,2022-07-01 08:00:00+00:00,2022-12-31 08:00:00+00:00
what is bitcoin,5,product management monday.com,soared,2022-07-01 08:00:00+00:00,2022-12-31 08:00:00+00:00
bitcoin news,5,accessibe ltd,soared,2022-07-01 08:00:00+00:00,2022-12-31 08:00:00+00:00
how much is bitcoin,4,buy bitcoin with etoro,soared,2022-07-01 08:00:00+00:00,2022-12-31 08:00:00+00:00
how to buy bitcoin,4,project management tools monday,"+4	600%",2022-07-01 08:00:00+00:00,2022-12-31 08:00:00+00:00
crypto,3,project management software monday,"+4	250%",2022-07-01 08:00:00+00:00,2022-12-31 08:00:00+00:00
bitcoin worth,3,home warranty choice home warranty,"+3	500%",2022-07-01 08:00:00+00:00,2022-12-31 08:00:00+00:00
bitcoin atm,3,bbby stock,"+1	000%",2022-07-01 08:00:00+00:00,2022-12-31 08:00:00+00:00
dogecoin,3,ape stock,850%,2022-07-01 08:00:00+00:00,2022-12-31 08:00:00+00:00
bitcoin cash,3,sam bankman-fried,700%,2022-07-01 08:00:00+00:00,2022-12-31 08:00:00+00:00
buy bitcoin on etoro,3,ftx,650%,2022-07-01 08:00:00+00:00,2022-12-31 08:00:00+00:00
tesla stock,3,coinflip bitcoin atm,350%,2022-07-01 08:00:00+00:00,2022-12-31 08:00:00+00:00
how to buy bitcoin on etoro,3,bitcoin of america a,350%,2022-07-01 08:00:00+00:00,2022-12-31 08:00:00+00:00
bitcoin price,100,bitcoin conference 2022,800%,2022-01-01 08:00:00+00:00,2022-06-30 08:00:00+00:00
bitcoin stock,15,why is bitcoin crashing,750%,2022-01-01 08:00:00+00:00,2022-06-30 08:00:00+00:00
bitcoin stock price,12,meta stock,600%,2022-01-01 08:00:00+00:00,2022-06-30 08:00:00+00:00
bitcoin usd,10,luna price,550%,2022-01-01 08:00:00+00:00,2022-06-30 08:00:00+00:00
ethereum,9,luna crypto,450%,2022-01-01 08:00:00+00:00,2022-06-30 08:00:00+00:00
bitcoin price usd,8,bitcoin 2022,400%,2022-01-01 08:00:00+00:00,2022-06-30 08:00:00+00:00
ethereum price,7,will bitcoin recover,350%,2022-01-01 08:00:00+00:00,2022-06-30 08:00:00+00:00
bitcoin price ethereum,7,netflix stock,350%,2022-01-01 08:00:00+00:00,2022-06-30 08:00:00+00:00
bitcoin today,7,nasdaq index,250%,2022-01-01 08:00:00+00:00,2022-06-30 08:00:00+00:00
bitcoin price today,6,twitter stock,200%,2022-01-01 08:00:00+00:00,2022-06-30 08:00:00+00:00
what is bitcoin,6,oil price,170%,2022-01-01 08:00:00+00:00,2022-06-30 08:00:00+00:00
price of bitcoin,5,s&p 500,170%,2022-01-01 08:00:00+00:00,2022-06-30 08:00:00+00:00
buy bitcoin,5,oil prices,140%,2022-01-01 08:00:00+00:00,2022-06-30 08:00:00+00:00
bitcoin news,5,sp500,140%,2022-01-01 08:00:00+00:00,2022-06-30 08:00:00+00:00
dow,4,sp 500,140%,2022-01-01 08:00:00+00:00,2022-06-30 08:00:00+00:00
crypto,4,will bitcoin go back up,140%,2022-01-01 08:00:00+00:00,2022-06-30 08:00:00+00:00
bitcoin mining,4,stock market today,130%,2022-01-01 08:00:00+00:00,2022-06-30 08:00:00+00:00
dow jones,3,crypto crash,130%,2022-01-01 08:00:00+00:00,2022-06-30 08:00:00+00:00
how much is bitcoin,3,nasdaq,120%,2022-01-01 08:00:00+00:00,2022-06-30 08:00:00+00:00
bitcoin worth,3,rockitcoin bitcoin a,120%,2022-01-01 08:00:00+00:00,2022-06-30 08:00:00+00:00
bitcoin 2022,3,google stock price,110%,2022-01-01 08:00:00+00:00,2022-06-30 08:00:00+00:00
bitcoin cash,3,dow today,110%,2022-01-01 08:00:00+00:00,2022-06-30 08:00:00+00:00
dogecoin,3,s and p 500,100%,2022-01-01 08:00:00+00:00,2022-06-30 08:00:00+00:00
cryptocurrency,3,spy,100%,2022-01-01 08:00:00+00:00,2022-06-30 08:00:00+00:00
bitcoin cryptocurrency,2,google stock,100%,2022-01-01 08:00:00+00:00,2022-06-30 08:00:00+00:00
price bitcoin,100,bito,soared,2021-07-01 08:00:00+00:00,2021-12-31 08:00:00+00:00
ethereum,15,dwac stock,soared,2021-07-01 08:00:00+00:00,2021-12-31 08:00:00+00:00
bitcoin stock,15,lcid stock,soared,2021-07-01 08:00:00+00:00,2021-12-31 08:00:00+00:00
ethereum price,14,solana price,"+2	300%",2021-07-01 08:00:00+00:00,2021-12-31 08:00:00+00:00
bitcoin stock price,11,rivian stock,"+1	650%",2021-07-01 08:00:00+00:00,2021-12-31 08:00:00+00:00
bitcoin usd,8,shiba inu price,"+1	000%",2021-07-01 08:00:00+00:00,2021-12-31 08:00:00+00:00
bitcoin price usd,7,shiba inu coin price,850%,2021-07-01 08:00:00+00:00,2021-12-31 08:00:00+00:00
bitcoin today,6,shiba inu coin,800%,2021-07-01 08:00:00+00:00,2021-12-31 08:00:00+00:00
what is bitcoin,6,hood stock,750%,2021-07-01 08:00:00+00:00,2021-12-31 08:00:00+00:00
price of bitcoin,6,shiba inu,750%,2021-07-01 08:00:00+00:00,2021-12-31 08:00:00+00:00
bitcoin news,5,hut 8 stock,450%,2021-07-01 08:00:00+00:00,2021-12-31 08:00:00+00:00
buy bitcoin,5,lucid stock,450%,2021-07-01 08:00:00+00:00,2021-12-31 08:00:00+00:00
bitcoin price today,5,sofi stock,450%,2021-07-01 08:00:00+00:00,2021-12-31 08:00:00+00:00
mining bitcoin,4,british bitcoin profit,250%,2021-07-01 08:00:00+00:00,2021-12-31 08:00:00+00:00
dogecoin,4,el salvador bitcoin,250%,2021-07-01 08:00:00+00:00,2021-12-31 08:00:00+00:00
crypto,4,bitcoin fear and greed index,250%,2021-07-01 08:00:00+00:00,2021-12-31 08:00:00+00:00
bitcoin cash,4,bitcoin supersplit,250%,2021-07-01 08:00:00+00:00,2021-12-31 08:00:00+00:00
dogecoin price,3,bitcoin compass,200%,2021-07-01 08:00:00+00:00,2021-12-31 08:00:00+00:00
how much is bitcoin,3,bitcoin rejoin,190%,2021-07-01 08:00:00+00:00,2021-12-31 08:00:00+00:00
bitcoin cryptocurrency,3,coinflip bitcoin atm,170%,2021-07-01 08:00:00+00:00,2021-12-31 08:00:00+00:00
bitcoin worth,3,immediate bitcoin,160%,2021-07-01 08:00:00+00:00,2021-12-31 08:00:00+00:00
bitcoin atm,3,precio del bitcoin,160%,2021-07-01 08:00:00+00:00,2021-12-31 08:00:00+00:00
cryptocurrency,3,btbt stock,150%,2021-07-01 08:00:00+00:00,2021-12-31 08:00:00+00:00
coinbase,2,nvda stock,140%,2021-07-01 08:00:00+00:00,2021-12-31 08:00:00+00:00
bitcoin near me,2,precio de bitcoin,140%,2021-07-01 08:00:00+00:00,2021-12-31 08:00:00+00:00
bitcoin price,100,burritos or bitcoin,soared,2021-01-01 08:00:00+00:00,2021-06-30 08:00:00+00:00
bitcoin stock,19,cciv stock,soared,2021-01-01 08:00:00+00:00,2021-06-30 08:00:00+00:00
ethereum,13,safemoon price,soared,2021-01-01 08:00:00+00:00,2021-06-30 08:00:00+00:00
bitcoin stock price,13,sos stock,soared,2021-01-01 08:00:00+00:00,2021-06-30 08:00:00+00:00
ethereum price,12,gamestop stock,"+4	450%",2021-01-01 08:00:00+00:00,2021-06-30 08:00:00+00:00
dogecoin,8,shiba inu coin price,"+4	100%",2021-01-01 08:00:00+00:00,2021-06-30 08:00:00+00:00
buy bitcoin,7,gme stock,"+4	000%",2021-01-01 08:00:00+00:00,2021-06-30 08:00:00+00:00
what is bitcoin,7,el salvador bitcoin,"+3	350%",2021-01-01 08:00:00+00:00,2021-06-30 08:00:00+00:00
bitcoin usd,6,amc stock price,"+3	050%",2021-01-01 08:00:00+00:00,2021-06-30 08:00:00+00:00
dogecoin price,6,dogecoin price,"+2	500%",2021-01-01 08:00:00+00:00,2021-06-30 08:00:00+00:00
bitcoin today,5,dogecoin stock price,"+2	400%",2021-01-01 08:00:00+00:00,2021-06-30 08:00:00+00:00
price of bitcoin,5,dogecoin stock,"+1	850%",2021-01-01 08:00:00+00:00,2021-06-30 08:00:00+00:00
bitcoin news,5,doge price,"+1	750%",2021-01-01 08:00:00+00:00,2021-06-30 08:00:00+00:00
bitcoin cash,4,dogecoin,"+1	600%",2021-01-01 08:00:00+00:00,2021-06-30 08:00:00+00:00
mining bitcoin,4,doge,"+1	050%",2021-01-01 08:00:00+00:00,2021-06-30 08:00:00+00:00
bitcoin price usd,4,doge coin,750%,2021-01-01 08:00:00+00:00,2021-06-30 08:00:00+00:00
tesla bitcoin,4,dogecoin value,750%,2021-01-01 08:00:00+00:00,2021-06-30 08:00:00+00:00
bitcoin price today,3,chipotle bitcoin,650%,2021-01-01 08:00:00+00:00,2021-06-30 08:00:00+00:00
crypto,3,cardano price,550%,2021-01-01 08:00:00+00:00,2021-06-30 08:00:00+00:00
coinbase,3,why is bitcoin going down,450%,2021-01-01 08:00:00+00:00,2021-06-30 08:00:00+00:00
bitcoin worth,3,cardano,400%,2021-01-01 08:00:00+00:00,2021-06-30 08:00:00+00:00
how much is bitcoin,3,ada price,350%,2021-01-01 08:00:00+00:00,2021-06-30 08:00:00+00:00
litecoin,3,bngo stock,350%,2021-01-01 08:00:00+00:00,2021-06-30 08:00:00+00:00
bitcoin value,3,elon musk bitcoin,300%,2021-01-01 08:00:00+00:00,2021-06-30 08:00:00+00:00
tesla stock,3,ethereum price,170%,2021-01-01 08:00:00+00:00,2021-06-30 08:00:00+00:00
price bitcoin,100,bitcoin investment cointrends.live,soared,2020-07-01 08:00:00+00:00,2020-12-31 08:00:00+00:00
bitcoin stock,18,microstrategy bitcoin,soared,2020-07-01 08:00:00+00:00,2020-12-31 08:00:00+00:00
bitcoin stock price,11,ice hockey betting with bitcoin,"+4	900%",2020-07-01 08:00:00+00:00,2020-12-31 08:00:00+00:00
buy bitcoin,10,mara stock,"+1	100%",2020-07-01 08:00:00+00:00,2020-12-31 08:00:00+00:00
what is bitcoin,8,airbnb stock,550%,2020-07-01 08:00:00+00:00,2020-12-31 08:00:00+00:00
ethereum,7,nikola stock,450%,2020-07-01 08:00:00+00:00,2020-12-31 08:00:00+00:00
bitcoin usd,7,nio stock,450%,2020-07-01 08:00:00+00:00,2020-12-31 08:00:00+00:00
bitcoin news,7,riot stock,300%,2020-07-01 08:00:00+00:00,2020-12-31 08:00:00+00:00
bitcoin cash,7,bitcoin all time high,250%,2020-07-01 08:00:00+00:00,2020-12-31 08:00:00+00:00
price of bitcoin,6,plug stock,200%,2020-07-01 08:00:00+00:00,2020-12-31 08:00:00+00:00
ethereum price,6,moderna stock,200%,2020-07-01 08:00:00+00:00,2020-12-31 08:00:00+00:00
bitcoin atm,5,bitcoin storm,180%,2020-07-01 08:00:00+00:00,2020-12-31 08:00:00+00:00
bitcoin app,5,ethereum value,180%,2020-07-01 08:00:00+00:00,2020-12-31 08:00:00+00:00
bitcoin today,5,grayscale bitcoin trust,160%,2020-07-01 08:00:00+00:00,2020-12-31 08:00:00+00:00
bitcoin wallet,4,why is bitcoin going up,150%,2020-07-01 08:00:00+00:00,2020-12-31 08:00:00+00:00
bitcoin near me,4,paypal stock,140%,2020-07-01 08:00:00+00:00,2020-12-31 08:00:00+00:00
coinbase,4,ethereum price,140%,2020-07-01 08:00:00+00:00,2020-12-31 08:00:00+00:00
bitcoin price usd,4,chainlink price,140%,2020-07-01 08:00:00+00:00,2020-12-31 08:00:00+00:00
mining bitcoin,4,bitcoin vault price,130%,2020-07-01 08:00:00+00:00,2020-12-31 08:00:00+00:00
bitcoin gold,4,bitcoin revolution,120%,2020-07-01 08:00:00+00:00,2020-12-31 08:00:00+00:00
how much is bitcoin,4,bitcoin era,110%,2020-07-01 08:00:00+00:00,2020-12-31 08:00:00+00:00
gold,4,ethereum price usd,110%,2020-07-01 08:00:00+00:00,2020-12-31 08:00:00+00:00
how to buy bitcoin,3,ethereum,100%,2020-07-01 08:00:00+00:00,2020-12-31 08:00:00+00:00
bitcoin value,3,ethereum price prediction,100%,2020-07-01 08:00:00+00:00,2020-12-31 08:00:00+00:00
bitcoin worth,3,sq stock,100%,2020-07-01 08:00:00+00:00,2020-12-31 08:00:00+00:00
bitcoin price,100,moon bitcoin live awesome investment,soared,2020-01-01 08:00:00+00:00,2020-06-30 08:00:00+00:00
bitcoin stock,18,american airlines stock,"+2	550%",2020-01-01 08:00:00+00:00,2020-06-30 08:00:00+00:00
buy bitcoin,11,carnival stock,"+2	300%",2020-01-01 08:00:00+00:00,2020-06-30 08:00:00+00:00
bitcoin stock price,11,bitcoin loophole,"+2	150%",2020-01-01 08:00:00+00:00,2020-06-30 08:00:00+00:00
bitcoin news,10,bitcoin halving clock,"+2	100%",2020-01-01 08:00:00+00:00,2020-06-30 08:00:00+00:00
bitcoin usd,8,bitcoin halving countdown,"+1	750%",2020-01-01 08:00:00+00:00,2020-06-30 08:00:00+00:00
what is bitcoin,7,delta stock,"+1	600%",2020-01-01 08:00:00+00:00,2020-06-30 08:00:00+00:00
bitcoin cash,6,delta airlines stock,"+1	550%",2020-01-01 08:00:00+00:00,2020-06-30 08:00:00+00:00
price of bitcoin,6,bitcoin era,900%,2020-01-01 08:00:00+00:00,2020-06-30 08:00:00+00:00
bitcoin halving,6,exxon stock,800%,2020-01-01 08:00:00+00:00,2020-06-30 08:00:00+00:00
bitcoin today,5,bitcoin superstar,800%,2020-01-01 08:00:00+00:00,2020-06-30 08:00:00+00:00
bitcoin atm,5,when is bitcoin halving,800%,2020-01-01 08:00:00+00:00,2020-06-30 08:00:00+00:00
bitcoin wallet,4,when is the bitcoin halving,800%,2020-01-01 08:00:00+00:00,2020-06-30 08:00:00+00:00
bitcoin near me,4,bitcoin halving,800%,2020-01-01 08:00:00+00:00,2020-06-30 08:00:00+00:00
bitcoin gold,4,what is bitcoin halving,750%,2020-01-01 08:00:00+00:00,2020-06-30 08:00:00+00:00
bitcoin price usd,4,bitcoin revolution,750%,2020-01-01 08:00:00+00:00,2020-06-30 08:00:00+00:00
bitcoin app,4,bitcoin halving dates,700%,2020-01-01 08:00:00+00:00,2020-06-30 08:00:00+00:00
gold,4,bitcoin halving date,700%,2020-01-01 08:00:00+00:00,2020-06-30 08:00:00+00:00
coinbase,4,bitcoin evolution,700%,2020-01-01 08:00:00+00:00,2020-06-30 08:00:00+00:00
bitcoin mining,4,bitcoin lifestyle,650%,2020-01-01 08:00:00+00:00,2020-06-30 08:00:00+00:00
ethereum,4,bitcoin halving 2020,500%,2020-01-01 08:00:00+00:00,2020-06-30 08:00:00+00:00
bitcoin value,4,dow jones futures,300%,2020-01-01 08:00:00+00:00,2020-06-30 08:00:00+00:00
bitcoin price today,4,elon musk bitcoin,300%,2020-01-01 08:00:00+00:00,2020-06-30 08:00:00+00:00
how much is bitcoin,4,tesla stock,250%,2020-01-01 08:00:00+00:00,2020-06-30 08:00:00+00:00
bitcoin to usd,4,boeing stock,250%,2020-01-01 08:00:00+00:00,2020-06-30 08:00:00+00:00
